{"_timestamp": 1586726803.295305, "Average Accuracy": 0.23333333333333334, "_step": 29, "_runtime": 22.335036039352417}
